<?xml version="1.0" encoding="UTF-8"?>
<project-private xmlns="http://www.netbeans.org/ns/project-private/1">
    <editor-bookmarks xmlns="http://www.netbeans.org/ns/editor-bookmarks/2" lastBookmarkId="0"/>
    <open-files xmlns="http://www.netbeans.org/ns/projectui-open-files/2">
        <group>
            <file>file:/C:/Users/gubec/OneDrive/Documentos/NetBeansProjects/TCC/src/EventosExibir.java</file>
            <file>file:/C:/Users/gubec/OneDrive/Documentos/NetBeansProjects/TCC/src/InfosCompromisso.java</file>
            <file>file:/C:/Users/gubec/OneDrive/Documentos/NetBeansProjects/TCC/src/AdicionarFS.java</file>
            <file>file:/C:/Users/gubec/OneDrive/Documentos/NetBeansProjects/TCC/src/ControleFS.java</file>
            <file>file:/C:/Users/gubec/OneDrive/Documentos/NetBeansProjects/TCC/src/Inicial.java</file>
            <file>file:/C:/Users/gubec/OneDrive/Documentos/NetBeansProjects/TCC/src/ControleEvento.java</file>
            <file>file:/C:/Users/gubec/OneDrive/Documentos/NetBeansProjects/TCC/src/modelo/FS.java</file>
            <file>file:/C:/Users/gubec/OneDrive/Documentos/NetBeansProjects/TCC/src/VerFS.java</file>
        </group>
    </open-files>
</project-private>
